Company Name,About the company,Company Size,Market,Location,Total Funding,Company Type,No. of Jobs,Job Name,Department,Salary,Job Location,Experience Required,JD,Skills Required


TechSolutions Inc.,Providing innovative tech solutions for businesses,Medium,Technology,Silicon Valley,10000000,Startup,15,Software Developer,Engineering,90000,San Francisco,3 years,Seeking a highly skilled software developer to join our dynamic team...,JavaScript, Python, React.js, Node.js
FinanceHub Ltd.,Leading financial services provider,Large,Finance,New York,50000000,Corporation,20,Financial Analyst,Finance,80000,New York,2 years,Seeking a financial analyst to analyze market trends and financial data...,Financial analysis, Excel, Accounting
HealthTech Innovations,Revolutionizing healthcare through technology,Small,Healthcare,Boston,5000000,Startup,8,Data Scientist,Research,100000,Boston,4 years,Seeking a talented data scientist to analyze healthcare data and develop predictive models...,Machine Learning, Python, SQL
MarketingGenius LLC,A leading marketing agency,Medium,Marketing,Los Angeles,8000000,Agency,12,Marketing Manager,Marketing,85000,Los Angeles,5 years,Seeking an experienced marketing manager to lead marketing campaigns...,Digital Marketing, SEO, Social Media Marketing
E-commerce Enterprises,Online retail giant,Large,E-commerce,Seattle,20000000,Corporation,25,Frontend Developer,Engineering,95000,Seattle,3 years,Seeking a frontend developer to build user-friendly interfaces...,HTML, CSS, JavaScript, React.js
GreenTech Solutions,Sustainable technology solutions provider,Small,Technology,Austin,3000000,Startup,6,Environmental Engineer,Engineering,75000,Austin,2 years,Seeking an environmental engineer to develop eco-friendly technologies...,Environmental Science, Renewable Energy
DataSphere Ltd.,Specializing in big data analytics solutions,Large,Technology,Seattle,25000000,Corporation,25,Data Scientist,Data Science,110000,Seattle,4 years,We are seeking an experienced data scientist to analyze large datasets...,Machine Learning, Python, SQL, Data Visualization
EcoTech Solutions,Pioneering eco-friendly technology solutions,Small,Green Technology,Austin,500000,Startup,5,Environmental Engineer,Engineering,75000,Austin,2 years,We are looking for an environmental engineer to develop sustainable solutions...,Environmental Science, Renewable Energy, Sustainability
HealthPlus Innovations,Revolutionizing healthcare technology,Medium,Healthcare,New York,15000000,Startup,12,Healthcare IT Specialist,Information Technology,85000,New York,3 years,Seeking a healthcare IT specialist to implement and manage IT solutions...,Healthcare IT, Electronic Health Records, HIPAA Compliance
InnoTech Solutions,Innovative technology solutions provider,Large,Technology,Boston,30000000,Corporation,20,Software Architect,Engineering,120000,Boston,5 years,We are seeking a seasoned software architect to design and implement scalable software systems...,Software Architecture, System Design, Cloud Computing
Adnan,Innovative technology solutions provider,Large,Technology,Boston,30000000,Corporation,20,Software Architect,Engineering,120000,Boston,5 years,We are seeking a seasoned software architect to design and implement scalable software systems...,Software Architecture, System Design, Cloud Computing
