Thermos FUNtainer Stainless Steel. Insulated Straw Bottle - Blue - 12 oz. consumer electronics,$19.99,https://m.media-amazon.com/images/I/41MFczl5IES._AC_UL320_.jpg
SFP-1G-SX-DEL 1G SX SFP Module1.25G. SFP. 850nm. 550M Transceiver. LC Connector for MMF with DOM,$24.82,https://m.media-amazon.com/images/I/51w-c2DT0QL._AC_UL320_.jpg
HG46/X-038-001 Tulip Glass 40.5 oz.,$9.31,https://m.media-amazon.com/images/I/71-zCFUv9RL._AC_UL320_.jpg
HB46/BARSTIK-PB-001 Barstik 9" - Black,$20.06,https://m.media-amazon.com/images/I/71IZ6ViCh8L._AC_UL320_.jpg
HB46/JULEP-G-001 Juliep 6.5" Dual Purpose Strainer - Gold,$6.32,https://m.media-amazon.com/images/I/71zKOOVQd6L._AC_UL320_.jpg
HB46/BF006-001 Barflow 4.75" - Black,$7.59,https://m.media-amazon.com/images/I/61BiPWOyzkL._AC_UL320_.jpg
D WASHER REPL.,$22.32,https://m.media-amazon.com/images/I/6197HGro18L._AC_UL320_.jpg
IBM 4849KDF Windows Small Business Server 2011 (CD-ROM),$8.71,https://m.media-amazon.com/images/I/71nL4XUcG6L._AC_UL320_.jpg
Axis Communications 0185-004 Video Server. 241Q,$17.99,https://m.media-amazon.com/images/I/91dwvEcytyL._AC_UL320_.jpg
HP 452698-B21 PCI-X Riser Kit FORDL160G5/DL165G5 Serial Port Card,$14.61,https://m.media-amazon.com/images/I/41foOQuFW2S._AC_UL320_.jpg
Panduit S6219BF,$13.34,https://m.media-amazon.com/images/I/51PAhu22CvL._AC_UL320_.jpg
Panduit N8522BYT,$17.11,https://m.media-amazon.com/images/I/41ogglUD7aL._AC_UL320_.jpg
Panduit N8829BT,$20.17,https://m.media-amazon.com/images/I/81q+I96aqTL._AC_UL320_.jpg
10482 Direct Connect AC Bulkhead System (4 Port Small Diamond Plate),$13.00,https://m.media-amazon.com/images/I/61Mygrd71EL._AC_UL320_.jpg
Panduit S6229BF,$13.22,https://m.media-amazon.com/images/I/21DiDM6078L._AC_UL320_.jpg
Panduit N8212BT,$15.04,https://m.media-amazon.com/images/I/21ct6JWsDOL._AC_UL320_.jpg
Panduit N8522BS,$14.57,https://m.media-amazon.com/images/I/21aHiu-WGSL._AC_UL320_.jpg
Panduit S7829BT,$7.72,https://m.media-amazon.com/images/I/21arKLkNTQL._AC_UL320_.jpg
Panduit S6222BA,$18.91,https://m.media-amazon.com/images/I/21xPGDhlcWL._AC_UL320_.jpg
Panduit S6222WP,$10.75,https://m.media-amazon.com/images/I/11KEPXyr51L._AC_UL320_.jpg
Panduit S6812B,$19.39,https://m.media-amazon.com/images/I/21L9QL0ExPL._AC_UL320_.jpg
Panduit N8229BT,$17.68,https://m.media-amazon.com/images/I/21TAlx8+RWL._AC_UL320_.jpg
Panduit S7822W,$13.38,https://m.media-amazon.com/images/I/21AMycTtxjL._AC_UL320_.jpg
Panduit S7522BV,$20.97,https://m.media-amazon.com/images/I/21xP00QZkPL._AC_UL320_.jpg
